inci_name,ingredient_category,primary_function,suitable_oily,suitable_dry,suitable_combination,suitable_normal,suitable_sensitive,suitable_mature,skin_concerns_helps,skin_concerns_worsens,age_group_suitable,pregnancy_safe,irritancy_potential,comedogenicity_0_to_5,ph_optimal_range,concentration_min_percent,concentration_max_percent,avoid_combining_with,usage_notes
Glycerin,Humectant,Moisturizing,yes,yes,yes,yes,yes,yes,dryness|texture|barrier,none,all,yes,low,0,0.5-5,20.0,70.0,none,Universal moisturizer. Safe for all skin types and ages.
Hyaluronic Acid,Humectant,Moisture Retention,yes,yes,yes,yes,yes,yes,dryness|aging|texture|barrier,none,all,yes,low,0,0.01-2,0.01,2.0,none,Use on damp skin to avoid drawing moisture from dermis. Multiple MW versions beneficial.
Sodium Hyaluronate,Humectant,Deep Moisture Retention,yes,yes,yes,yes,yes,yes,dryness|aging|texture|barrier,none,all,yes,low,0,0.01-2,0.01,2.0,none,Smaller MW than HA; penetrates deeper into skin layers.
Propylene Glycol,Humectant/Solvent,Moisturizing/Penetration Enhancer,moderate,yes,moderate,yes,caution,yes,dryness,redness|sensitivity,all,yes,medium,1,1-5,1.0,15.0,none,Can irritate sensitive skin at higher concentrations. Patch test recommended.
Butylene Glycol,Humectant/Solvent,Moisturizing/Texture,yes,yes,yes,yes,yes,yes,dryness|texture,none,all,yes,low,0,1-8,1.0,8.0,none,Gentler than propylene glycol. Good for sensitive skin.
Sorbitol,Humectant,Moisturizing/Smoothing,moderate,yes,yes,yes,yes,yes,dryness|texture,acne (high conc),all,yes,low,1,1-5,1.0,30.0,none,Can be mildly comedogenic at high concentrations in occlusive formulas.
Panthenol,Humectant/Conditioning,Moisturizing/Healing,yes,yes,yes,yes,yes,yes,dryness|redness|sensitivity|barrier,none,all,yes,low,0,0.5-5,0.5,5.0,none,Pro-Vitamin B5. Excellent wound healing and barrier support.
Urea,Humectant/Keratolytic,Moisturizing/Exfoliating,moderate,yes,moderate,yes,caution,yes,dryness|texture|barrier,redness (high conc),adult|mature,yes,medium,2,2-40,2.0,40.0,none,Low % (2-10%) moisturizing; high % (20-40%) keratolytic. Avoid broken skin.
Sodium PCA,Humectant,Natural Moisturizing Factor,yes,yes,yes,yes,yes,yes,dryness|texture,none,all,yes,low,0,0.5-5,0.5,5.0,none,Naturally found in skin. Excellent NMF component.
Betaine,Humectant/Osmoprotectant,Moisturizing/Soothing,yes,yes,yes,yes,yes,yes,dryness|redness|sensitivity,none,all,yes,low,0,0.5-5,0.5,5.0,none,Derived from sugar beet. Excellent for sensitive/rosacea skin.
Trehalose,Humectant,Moisture Retention/Skin Protection,yes,yes,yes,yes,yes,yes,dryness|aging|barrier,none,all,yes,low,0,0.5-5,0.5,5.0,none,Protects skin proteins during environmental stress.
Squalane,Emollient,Moisturizing/Non-comedogenic,yes,yes,yes,yes,yes,yes,dryness|aging|barrier|texture,none,all,yes,low,0,1-100,1.0,100.0,none,Non-comedogenic. Excellent for all skin types including acne-prone.
Jojoba Oil,Emollient,Moisturizing/Balancing,yes,yes,yes,yes,yes,yes,dryness|acne|barrier|texture,none,all,yes,low,1,1-100,1.0,100.0,none,Technically a wax ester. Mimics sebum. Good for oily/acne skin.
Rosehip Oil,Emollient,Anti-aging/Brightening,caution,yes,moderate,yes,moderate,yes,aging|hyperpigmentation|dryness|texture,acne (some),adult|mature,yes,medium,2,1-100,1.0,100.0,none,High in linoleic acid. May not suit acne-prone skin. Check individual tolerance.
Argan Oil,Emollient,Moisturizing/Anti-aging,moderate,yes,yes,yes,yes,yes,dryness|aging|texture,acne (high use),all,yes,low,2,1-100,1.0,100.0,none,Rich in Vitamin E and fatty acids. Moderate comedogenicity.
Sweet Almond Oil,Emollient,Moisturizing/Softening,caution,yes,moderate,yes,yes,yes,dryness|texture|sensitivity,acne,all,yes,low,2,1-100,1.0,100.0,none,Avoid with nut allergies. Comedogenicity rating 2.
Coconut Oil,Emollient,Moisturizing/Antimicrobial,no,yes,caution,caution,moderate,yes,dryness|barrier,acne|pores,all,yes,medium,4,1-100,1.0,100.0,none,"Highly comedogenic (4). Best used on body, not face for acne-prone."
Hemp Seed Oil,Emollient/Anti-inflammatory,Moisturizing/Anti-inflammatory,yes,yes,yes,yes,yes,yes,dryness|redness|acne|barrier,none,all,yes,low,0,1-100,1.0,100.0,none,Comedogenicity 0. High linoleic acid. Excellent for acne and sensitive skin.
Shea Butter,Emollient/Occlusive,Moisturizing/Anti-inflammatory,caution,yes,moderate,yes,yes,yes,dryness|aging|barrier|sensitivity,acne (pure form),all,yes,low,0,1-100,1.0,100.0,none,Unrefined may cause breakouts. Refined shea better for acne-prone.
Dimethicone,Emollient/Occlusive,Smoothing/Barrier,yes,yes,yes,yes,yes,yes,dryness|barrier|texture|sensitivity,none,all,yes,low,1,1-40,1.0,40.0,none,Non-comedogenic silicone. Great primer/base ingredient. Safe for sensitive skin.
Cetyl Alcohol,Emollient/Thickener,Moisturizing/Texture,yes,yes,yes,yes,yes,yes,dryness|texture|barrier,none,all,yes,low,1,1-10,1.0,10.0,none,"Fatty alcohol, not drying alcohol. Non-irritating."
Isopropyl Myristate,Emollient/Solvent,Moisturizing/Penetration enhancer,no,moderate,caution,moderate,caution,yes,dryness,acne|pores,adult|mature,yes,medium,3,1-10,1.0,10.0,none,Comedogenicity 3. Avoid in acne-prone skin. Penetration enhancer.
Mineral Oil,Emollient/Occlusive,Moisturizing/Barrier,caution,yes,caution,yes,yes,yes,dryness|barrier|sensitivity,acne (heavy use),all,yes,low,1,1-60,1.0,60.0,none,Well-refined mineral oil safe; heavy application may increase acne risk.
Petrolatum,Emollient/Occlusive,Barrier/Wound healing,no,yes,caution,yes,yes,yes,dryness|barrier|sensitivity,acne|pores,all,yes,low,2,1-100,1.0,100.0,none,Best occlusives known. Not comedogenic per research but may trap sebum.
Ascorbic Acid,Antioxidant/Brightening Active,Brightening/Collagen synthesis/Antioxidant,yes,moderate,yes,yes,caution,yes,hyperpigmentation|aging|dullness|texture,redness|sensitivity (pH<3.5),adult|mature,consult,medium,1,3-20,3.0,20.0,benzoyl peroxide|niacinamide (debate)|copper peptides,Low pH required (2.5-3.5). Unstable; use fresh. Avoid mixing with niacinamide simultaneously.
Sodium Ascorbyl Phosphate,Antioxidant/Brightening Active,Brightening/Antioxidant,yes,yes,yes,yes,yes,yes,hyperpigmentation|dullness|acne|aging,none,all,yes,low,0,0.5-3,0.5,3.0,none,Stable form of Vitamin C. Works at higher pH. Good for sensitive skin.
Ascorbyl Glucoside,Antioxidant/Brightening Active,Brightening/Antioxidant/Stable Vitamin C,yes,yes,yes,yes,yes,yes,hyperpigmentation|dullness|aging,none,all,yes,low,0,0.5-5,0.5,5.0,none,Converts to ascorbic acid in skin. Stable and gentle.
3-O-Ethyl Ascorbic Acid,Antioxidant/Brightening Active,Brightening/Antioxidant,yes,yes,yes,yes,yes,yes,hyperpigmentation|dullness|aging|texture,none,all,yes,low,0,0.5-3,0.5,3.0,none,Very stable. Oil and water compatible. Effective brightener.
Retinol,Retinoid/Anti-aging Active,Anti-aging/Cell turnover,moderate,moderate,moderate,yes,caution,yes,aging|texture|acne|hyperpigmentation|dullness|pores,redness|sensitivity|dryness (initiation),adult|mature,no,high,1,0.025-1,0.025,1.0,AHAs/BHAs (avoid same time)|benzoyl peroxide|vitamin C (avoid same time),START low and slow. Use PM only. Always SPF. Not for pregnancy. Purging possible. Avoid with other actives until skin adapted.
Retinyl Palmitate,Retinoid/Anti-aging Active,Anti-aging/Milder retinoid,yes,moderate,yes,yes,moderate,yes,aging|texture|dullness,redness (mild),adult|mature,consult,medium,1,0.1-1,0.1,1.0,none,Gentler retinoid. Less effective than retinol but more tolerable.
Retinal,Retinoid/Anti-aging Active,Anti-aging/Cell turnover,moderate,moderate,moderate,yes,caution,yes,aging|texture|acne|hyperpigmentation|dullness|pores,redness|sensitivity|dryness,adult|mature,no,high,1,0.01-0.1,0.01,0.1,AHAs/BHAs|vitamin C|benzoyl peroxide,11x more potent than retinol. Gentler than tretinoin. PM only. Start slow.
Retinyl Retinoate,Retinoid/Anti-aging Active,Anti-aging/Gentle retinoid,moderate,yes,yes,yes,moderate,yes,aging|texture|hyperpigmentation|dullness,redness (mild),adult|mature,consult,medium,1,0.01-1,0.01,1.0,none,Next-gen retinoid. Gentler than retinol with comparable efficacy. Better for sensitive.
Bakuchiol,Plant-based Retinol Alternative,Anti-aging/Antioxidant,yes,yes,yes,yes,yes,yes,aging|texture|hyperpigmentation|dullness|acne,none,all,yes,low,0,0.5-2,0.5,2.0,none,Safe retinol alternative. Can use AM/PM. Pregnancy safe. Can combine with retinoids.
Niacinamide,Brightening/Barrier Active,Brightening/Pore minimizing/Barrier,yes,yes,yes,yes,yes,yes,hyperpigmentation|pores|acne|redness|barrier|dullness|aging,none,all,yes,low,0,2-20,2.0,20.0,"Vitamin C (debate, use separately)",Multitasking ingredient. 5-10% optimal. May cause flushing at very high %%.
Alpha Arbutin,Brightening Active,Brightening/Tyrosinase inhibitor,yes,yes,yes,yes,yes,yes,hyperpigmentation|dullness,none,all,consult,low,0,0.5-2,0.5,2.0,none,Effective brightener. More stable than beta arbutin. Pregnancy caution due to hydroquinone parent.
Kojic Acid,Brightening Active,Brightening/Tyrosinase inhibitor,yes,moderate,yes,yes,caution,yes,hyperpigmentation|dullness,redness|sensitivity,adult|mature,consult,medium,0,0.5-2,0.5,2.0,Vitamin C (may cause instability),Can be irritating. Use with caution on sensitive skin. Limit to 2%.
Tranexamic Acid,Brightening Active,Brightening/Anti-inflammatory,yes,yes,yes,yes,yes,yes,hyperpigmentation|dullness|redness,none,all,consult,low,0,2-5,2.0,5.0,none,Very well tolerated. Excellent for PIH and melasma.
Azelaic Acid,Brightening/Anti-acne Active,Brightening/Anti-inflammatory/Antimicrobial,yes,yes,yes,yes,yes,yes,acne|hyperpigmentation|redness|pores|dullness,none,all,yes,low,0,5-20,5.0,20.0,none,Safe in pregnancy at OTC %. Excellent for rosacea and PIH.
Glycolic Acid,AHA/Exfoliant,Exfoliating/Brightening/Anti-aging,yes,moderate,yes,yes,caution,yes,texture|dullness|aging|hyperpigmentation|acne|pores,redness|sensitivity|dryness (overuse),adult|mature,no,high,1,4-30,4.0,30.0,retinol (same time)|vitamin C (same time)|BHA (same time at high %),"Smallest AHA molecule, deepest penetration. Start 5-10%. Always SPF. Not in pregnancy."
Lactic Acid,AHA/Exfoliant,Exfoliating/Moisturizing/Brightening,yes,yes,yes,yes,moderate,yes,texture|dullness|aging|hyperpigmentation|dryness,redness|sensitivity (overuse),adult|mature,consult,medium,1,5-15,5.0,15.0,retinol (same time),Gentler than glycolic. Moisturizing properties. Better for dry/sensitive. Some prefer in pregnancy.
Mandelic Acid,AHA/Exfoliant,Exfoliating/Antibacterial/Brightening,yes,moderate,yes,yes,yes,yes,texture|acne|hyperpigmentation|dullness,dryness (overuse),all,consult,low,1,5-15,5.0,15.0,none,"Largest AHA molecule, gentlest. Good for acne-prone and sensitive skin."
Salicylic Acid,BHA/Exfoliant/Anti-acne,Exfoliating/Anti-acne/Anti-inflammatory,yes,caution,yes,yes,caution,moderate,acne|pores|texture|dullness|redness,dryness|sensitivity|barrier (overuse),teen|adult|mature,no,high,1,0.5-2,0.5,2.0,retinol (same time at high %)|vitamin C (low pH),"Oil-soluble, penetrates pores. Best for acne/oily skin. Avoid in pregnancy. Can be drying."
Gluconolactone,PHA/Exfoliant,Gentle exfoliating/Antioxidant/Moisturizing,yes,yes,yes,yes,yes,yes,texture|dullness|aging|barrier|dryness,none,all,yes,low,0,3-10,3.0,10.0,none,Gentlest exfoliant. Antioxidant. Excellent for sensitive skin. Safe in pregnancy.
Zinc Oxide,UV Filter/Mineral Sunscreen,Broad-spectrum UV protection/Soothing,yes,yes,yes,yes,yes,yes,redness|sensitivity|acne (anti-inflammatory),none,all,yes,low,0,1-25,1.0,25.0,none,Best for sensitive skin. Anti-inflammatory. Non-comedogenic. Safe in pregnancy.
Titanium Dioxide,UV Filter/Mineral Sunscreen,UV protection/Whitening,yes,yes,yes,yes,yes,yes,none,none,all,yes,low,0,2-25,2.0,25.0,none,Physical UV filter. Very safe. May leave white cast. Not irritating.
Avobenzone,UV Filter/Chemical Sunscreen,UVA protection,yes,yes,yes,yes,moderate,yes,none,redness (rare),adult|mature,no,medium,0,1-3,1.0,3.0,none,Unstable alone; needs photostabilizer. Avoid in pregnancy.
Octocrylene,UV Filter/Chemical Sunscreen,UVB protection/UV stabilizer,yes,yes,yes,yes,moderate,yes,none,redness (rare),adult|mature,no,medium,0,2-10,2.0,10.0,none,Photostabilizes avobenzone. Can cause contact dermatitis in some.
Tinosorb S,UV Filter/Chemical Sunscreen,Broad-spectrum UVA/UVB,yes,yes,yes,yes,yes,yes,none,none,adult|mature,consult,low,0,2-10,2.0,10.0,none,Photostable. Excellent broad-spectrum. Not approved in US.
Tocopherol,Antioxidant,Antioxidant/Moisturizing/UV protection,moderate,yes,yes,yes,yes,yes,aging|dryness|barrier,acne (high amounts),all,yes,low,2,0.1-1,0.1,1.0,none,Comedogenicity 2. Pure vitamin E. Synergistic with Vitamin C.
Tocopheryl Acetate,Antioxidant,Antioxidant/Stable Vitamin E form,yes,yes,yes,yes,yes,yes,aging|dryness|barrier,none,all,yes,low,1,0.1-1,0.1,1.0,none,Esterified form. More stable but must convert in skin. Less potent than pure tocopherol.
Resveratrol,Antioxidant Active,Antioxidant/Anti-aging/Anti-inflammatory,yes,yes,yes,yes,yes,yes,aging|dullness|redness|hyperpigmentation,none,adult|mature,consult,low,0,0.1-1,0.1,1.0,none,Pairs well with Vitamin C. Photounstable; use PM.
Coenzyme Q10,Antioxidant Active,Antioxidant/Anti-aging/Energy,yes,yes,yes,yes,yes,yes,aging|dullness|texture,none,adult|mature,yes,low,0,0.01-1,0.01,1.0,none,Decreases with age. Good for energy-depleted mature skin.
Ferulic Acid,Antioxidant Active,Antioxidant/UV protection/Anti-aging,yes,yes,yes,yes,yes,yes,aging|dullness|hyperpigmentation,none,adult|mature,yes,low,0,0.1-1,0.1,1.0,none,Dramatically stabilizes Vitamins C and E. Best in combination.
Palmitoyl Pentapeptide-4,Peptide/Anti-aging,Anti-aging/Collagen stimulation,yes,yes,yes,yes,yes,yes,aging|texture|dullness,none,adult|mature,consult,low,0,0.0005-0.1,0.0005,0.1,none,Matrixyl. Effective at very low concentrations. Very well tolerated.
Acetyl Hexapeptide-3,Peptide/Anti-aging,Anti-wrinkle/Muscle relaxing,yes,yes,yes,yes,yes,yes,aging|texture,none,adult|mature,consult,low,0,0.001-10,0.001,10.0,none,Argireline. Topical muscle relaxer. Best at expression lines.
Copper Tripeptide-1,Peptide/Healing Active,Anti-aging/Wound healing/Collagen synthesis,yes,yes,yes,yes,yes,yes,aging|texture|barrier|sensitivity,none (avoid with retinoids same time),adult|mature,consult,low,0,0.0001-2,0.0001,2.0,high-dose vitamin C|retinoids (same time),GHK-Cu. Do not use same session as pure vitamin C or retinoids.
Ceramide NP,Barrier Active,Skin barrier repair/Moisturizing,yes,yes,yes,yes,yes,yes,barrier|dryness|sensitivity|redness|aging,none,all,yes,low,0,0.01-5,0.01,5.0,none,Essential for skin barrier. Works best with cholesterol and fatty acids.
Ceramide AP,Barrier Active,Skin barrier repair,yes,yes,yes,yes,yes,yes,barrier|dryness|sensitivity|redness,none,all,yes,low,0,0.01-5,0.01,5.0,none,Works synergistically with other ceramides.
Phytosphingosine,Barrier Active/Antimicrobial,Skin barrier/Antimicrobial/Anti-inflammatory,yes,yes,yes,yes,yes,yes,acne|barrier|sensitivity|redness,none,all,yes,low,0,0.01-2,0.01,2.0,none,Excellent for acne-prone and compromised barrier skin.
Cholesterol,Barrier Active/Emollient,Skin barrier/Emollient,yes,yes,yes,yes,yes,yes,barrier|dryness|aging|sensitivity,none,all,yes,low,0,0.1-5,0.1,5.0,none,Critical skin barrier lipid. Forms ideal ratio with ceramides and fatty acids.
Allantoin,Soothing Active,Soothing/Healing/Moisturizing,yes,yes,yes,yes,yes,yes,redness|sensitivity|barrier|dryness|texture,none,all,yes,low,0,0.1-2,0.1,2.0,none,Excellent for sensitive and compromised skin. Wound healing.
Bisabolol,Soothing Active,Anti-inflammatory/Soothing/Healing,yes,yes,yes,yes,yes,yes,redness|sensitivity|acne|barrier,none,all,yes,low,0,0.1-0.5,0.1,0.5,none,Derived from chamomile. Excellent for inflamed/sensitive skin.
Centella Asiatica Extract,Soothing/Healing Active,Anti-inflammatory/Wound healing/Barrier,yes,yes,yes,yes,yes,yes,redness|sensitivity|barrier|aging|acne,none,all,yes,low,0,0.1-5,0.1,5.0,none,"Cica. Excellent for compromised barrier, eczema, rosacea, post-procedure."
Aloe Barbadensis Leaf Juice,Soothing Active,Soothing/Anti-inflammatory/Moisturizing,yes,yes,yes,yes,yes,yes,redness|sensitivity|acne|dryness|barrier,none,all,yes,low,0,1-100,1.0,100.0,none,Base of many soothing products. Excellent first-aid ingredient.
Oat Extract,Soothing Active,Anti-inflammatory/Soothing/Barrier,yes,yes,yes,yes,yes,yes,redness|sensitivity|dryness|barrier|texture,none,all,yes,low,0,0.5-10,0.5,10.0,none,Colloidal oat is FDA approved for eczema. Excellent for sensitive skin.
Licorice Root Extract,Brightening/Soothing Active,Brightening/Anti-inflammatory/Soothing,yes,yes,yes,yes,yes,yes,hyperpigmentation|dullness|redness|sensitivity,none,all,consult,low,0,0.1-2,0.1,2.0,none,Glabridin is key brightening component. Good for melasma.
Green Tea Extract,Antioxidant/Soothing Active,Antioxidant/Anti-inflammatory/Anti-aging,yes,yes,yes,yes,yes,yes,redness|aging|dullness|acne|pores,none,all,yes,low,0,0.1-5,0.1,5.0,none,EGCG is primary active. Good for acne and anti-aging.
Benzoyl Peroxide,Anti-acne Active,Antimicrobial/Keratolytic,yes,no,moderate,moderate,caution,no,acne,dryness|redness|sensitivity|barrier,teen|adult,no,high,1,2.5-10,2.5,10.0,retinol|AHAs/BHAs (irritation)|Vitamin C,Very effective for P. acnes. Oxidizing agent. Bleaches fabric. Not for sensitive/dry.
Tea Tree Oil,Anti-acne Active,Antimicrobial/Anti-inflammatory,yes,no,yes,yes,caution,no,acne|redness|pores,sensitivity|redness (undiluted),teen|adult,consult,medium,1,0.5-5,0.5,5.0,none,Always dilute. Can cause contact dermatitis. Effective against P. acnes.
Colloidal Sulfur,Anti-acne/Keratolytic,Antimicrobial/Keratolytic/Anti-acne,yes,no,yes,yes,caution,no,acne|pores|texture,dryness|sensitivity,teen|adult|mature,consult,medium,0,3-10,3.0,10.0,none,Gentle antimicrobial. Good for mild-moderate acne. Some odor.
Witch Hazel Extract,Astringent/Soothing Active,Astringent/Soothing/Anti-inflammatory,yes,caution,yes,yes,moderate,moderate,acne|pores|redness,dryness|sensitivity (if alcohol-based),teen|adult|mature,consult,medium,1,5-50,5.0,50.0,none,Use alcohol-free version for sensitive skin. Can be drying.
Adenosine,Anti-aging Active,Anti-wrinkle/Anti-aging/Soothing,yes,yes,yes,yes,yes,yes,aging|texture|dullness|redness,none,adult|mature,yes,low,0,0.04-1,0.04,1.0,none,FDA approved for anti-wrinkle claims. Very well tolerated.
Caffeine,Stimulant Active,Anti-cellulite/Anti-puffiness/Antioxidant,yes,yes,yes,yes,yes,yes,pores|dullness|aging,dryness (as diuretic),adult|mature,yes,low,0,0.5-5,0.5,5.0,none,Good for eye area puffiness and dark circles. Antioxidant.
Melatonin,Antioxidant Active,Antioxidant/Anti-aging/Circadian rhythm,yes,yes,yes,yes,yes,yes,aging|dullness|redness,none,adult|mature,consult,low,0,0.01-5,0.01,5.0,none,Powerful antioxidant. Good in PM routine.
Polyglutamic Acid,Humectant/Film Former,Deep moisturizing/Film forming,yes,yes,yes,yes,yes,yes,dryness|aging|texture|barrier,none,all,yes,low,0,0.1-5,0.1,5.0,none,Holds 5000x its weight in water. More effective than HA.
Phenoxyethanol,Preservative,Antimicrobial preservation,yes,yes,yes,yes,moderate,yes,none,redness|sensitivity (rare),adult|mature,consult,low,0,0.1-1,0.1,1.0,none,Generally safe. Some reports of sensitivity in babies. EU limit 1%.
Caprylyl Glycol,Preservative Booster/Humectant,Antimicrobial/Moisturizing,yes,yes,yes,yes,yes,yes,none,none,all,yes,low,0,0.1-3,0.1,3.0,none,Multi-functional. Gentle. Supports phenoxyethanol.
Aqua,Solvent/Base,Solvent/Carrier/Formulation base,yes,yes,yes,yes,yes,yes,dryness|texture,none,all,yes,low,0,any,1.0,99.0,none,Universal formula base. The principal solvent in cosmetics. No skin concerns at typical use levels.
Erythritol,Humectant,Moisturizing,yes,yes,yes,yes,yes,yes,dryness|texture,none,all,yes,low,0,4-7,0.5,10.0,none,Sugar alcohol humectant. Very gentle and well tolerated. Stabilises formulas against temperature changes.
Inositol,Humectant,Moisturizing/Brightening,yes,yes,yes,yes,yes,yes,dryness|texture|dullness,none,all,yes,low,0,4-7,0.1,5.0,none,Vitamin B8-like compound. Gentle moisturising and skin brightening support.
Fructooligosaccharides,Humectant/Prebiotic,Moisturizing/Microbiome support,yes,yes,yes,yes,yes,yes,dryness|barrier,none,all,yes,low,0,4-7,0.5,5.0,none,Prebiotic sugar. Selectively nourishes beneficial skin bacteria and provides mild moisturising.
Xylitol,Humectant/Antimicrobial,Moisturizing/Antimicrobial,yes,yes,yes,yes,yes,yes,dryness|acne|barrier,none,all,yes,low,0,4-7,0.5,5.0,none,Birch-derived sugar alcohol. Humectant and mild antimicrobial. Supports skin microbiome balance.
Squalene,Emollient/Antioxidant,Moisturizing/Antioxidant,moderate,yes,yes,yes,yes,yes,dryness|aging|barrier,acne (pure form - more comedogenic than squalane),all,yes,low,3,4-7,1.0,30.0,none,Precursor to squalane. Naturally secreted by sebaceous glands. More comedogenic than squalane. Squalane preferred in formulation.
Marula Oil,Emollient,Moisturizing/Antioxidant,moderate,yes,yes,yes,yes,yes,dryness|aging|texture,acne (high %),all,yes,low,3,4-7,1.0,100.0,none,Rich in oleic acid and tocopherols. Antioxidant and quickly absorbing. Comedogenicity 3.
Sea Buckthorn Oil,Emollient/Antioxidant,Antioxidant/Anti-inflammatory,moderate,yes,yes,yes,moderate,yes,dryness|aging|redness|hyperpigmentation,acne (high %),adult|mature,yes,medium,3,4-7,0.1,10.0,none,Very high carotenoid and vitamin C content. Use diluted (1-5%) to avoid orange staining of skin and fabrics. Exceptionally nutrient-dense.
Baobab Oil,Emollient,Moisturizing/Skin barrier,moderate,yes,yes,yes,yes,yes,dryness|barrier|texture,none,all,yes,low,2,4-7,1.0,100.0,none,Rich in omega-3/6/9 fatty acids. Light texture. Suitable for dry and mature skin.
Camellia Oil,Emollient,Moisturizing/Anti-aging,moderate,yes,yes,yes,yes,yes,dryness|aging|texture,none,all,yes,low,2,4-7,1.0,100.0,none,Traditional Japanese tsubaki oil. High in oleic acid and polyphenols. Absorbs rapidly without greasiness.
Avocado Oil,Emollient,Moisturizing/Nourishing,moderate,yes,moderate,yes,moderate,yes,dryness|aging|barrier,acne (high %),adult|mature,yes,low,3,4-7,1.0,100.0,none,Rich and emollient. High oleic acid and sterols. Best for dry and mature skin. Comedogenicity 3.
Sunflower Seed Oil,Emollient,Moisturizing/Barrier support,yes,yes,yes,yes,yes,yes,dryness|barrier|texture,none,all,yes,low,0,4-7,1.0,100.0,none,High linoleic acid content. Lightweight. Non-comedogenic. Clinically shown to preserve skin barrier in neonates.
Olive Oil,Emollient,Moisturizing/Antioxidant,moderate,yes,moderate,yes,moderate,yes,dryness|aging,acne (high %),adult|mature,yes,low,2,4-7,1.0,100.0,none,May weaken skin barrier in neonates and eczema-prone skin at high concentrations. Best for dry/mature adults.
Rosehip Seed Oil,Emollient,Anti-aging/Brightening,caution,yes,moderate,yes,moderate,yes,aging|hyperpigmentation|dryness|texture,acne (for some),adult|mature,yes,low,1,4-7,1.0,100.0,none,Rosa canina seed oil. High linoleic acid and beta-carotene. Trans-retinoic acid precursor supports anti-aging. May trigger breakouts in some.
Caprylic/Capric Triglyceride,Emollient/Solvent,Moisturizing/Lightweight texture,yes,yes,yes,yes,yes,yes,dryness|texture|barrier,none,all,yes,low,1,4-7,1.0,60.0,none,Fractionated coconut oil. Very lightweight and non-greasy ester. Excellent carrier oil for actives. Suitable for all skin types.
Stearyl Alcohol,Emollient/Thickener,Moisturizing/Texture,yes,yes,yes,yes,yes,yes,dryness|texture|barrier,none,all,yes,low,1,4-7,1.0,10.0,none,C18 fatty alcohol. Non-drying and non-irritating. Thickens emulsions and adds creamy texture.
Cyclomethicone,Emollient/Solvent,Smoothing/Lightweight carrier,yes,yes,yes,yes,yes,yes,texture|barrier,none,all,yes,low,0,4-7,1.0,50.0,none,Volatile cyclic silicone. Evaporates leaving smooth skin feel. Growing environmental persistence concerns (D4/D5 restrictions in EU).
Cetearyl Alcohol,Emollient/Thickener,Moisturizing/Emulsion stability,yes,yes,yes,yes,yes,yes,dryness|texture,none,all,yes,low,1,4-7,2.0,25.0,none,C16-C18 fatty alcohol blend. Excellent emulsion stabiliser and skin conditioner. Well tolerated.
Lanolin,Emollient/Occlusive,Moisturizing/Barrier,caution,yes,moderate,yes,caution,yes,dryness|barrier|sensitivity,sensitivity (lanolin allergy),all,consult,medium,1,4-7,1.0,30.0,none,Sheep wool-derived wax. Highly effective emollient and occlusive. Avoid if wool-allergic. May cause contact dermatitis in sensitised individuals.
Cocoa Butter,Emollient/Occlusive,Moisturizing/Antioxidant,caution,yes,moderate,yes,yes,yes,dryness|barrier|aging,acne,all,yes,low,4,4-7,1.0,100.0,none,Comedogenicity 4. Best used on body. Rich in stearic acid and polyphenols. Antioxidant properties.
Mango Butter,Emollient,Moisturizing/Softening,moderate,yes,moderate,yes,yes,yes,dryness|texture|barrier,acne (high %),adult|mature,yes,low,2,4-7,1.0,100.0,none,Lighter feel than shea butter. Good emollient for dry skin. Comedogenicity 2.
Beeswax,Emollient/Thickener,Texture/Barrier,yes,yes,yes,yes,moderate,yes,dryness|barrier,none,all,yes,low,0,4-7,5.0,30.0,none,Natural wax providing occlusive barrier and texture. Zero to low comedogenicity. May trigger reactions in rare bee-product allergies.
Carnauba Wax,Thickener/Emollient,Texture/Gloss,yes,yes,yes,yes,yes,yes,texture,none,all,yes,low,0,4-7,1.0,25.0,none,Hard plant wax from Brazilian carnauba palm. Non-comedogenic. Used in lip products and solid formulas for structure and gloss.
Ascorbyl Tetraisopalmitate,Antioxidant/Brightening Active,Brightening/Antioxidant/Oil-soluble Vitamin C,yes,yes,yes,yes,yes,yes,hyperpigmentation|dullness|aging,none,all,yes,low,0,4-7,0.1,3.0,none,Oil-soluble stable Vitamin C ester. Works at neutral pH. Gentle and highly stable. Penetrates skin effectively.
Beta Arbutin,Brightening Active,Brightening/Tyrosinase inhibitor,yes,yes,yes,yes,yes,yes,hyperpigmentation|dullness,none,adult|mature,consult,low,0,4-7,0.5,7.0,none,Hydroquinone-beta-D-glucoside. More common and affordable than alpha arbutin. Slightly less potent. Pregnancy caution due to hydroquinone parent compound.
Kojic Dipalmitate,Brightening Active,Brightening/Stable kojic acid derivative,yes,yes,yes,yes,moderate,yes,hyperpigmentation|dullness,redness (sensitive skin),adult|mature,consult,low,0,4-7,0.1,3.0,none,Oil-soluble kojic acid ester. More stable and gentler than free kojic acid. Effective brightener at 1-3%.
Tartaric Acid,AHA/pH adjuster,Exfoliating/pH Balancing,yes,moderate,yes,yes,moderate,yes,texture|dullness|pores,redness|sensitivity,adult|mature,consult,medium,1,3.5-5,2.0,10.0,retinol (same time),Grape-derived AHA. Gentler than glycolic acid. Often combined with other AHAs in exfoliant formulas.
Citric Acid,AHA/pH adjuster,Exfoliating/pH balancing/Antioxidant,yes,yes,yes,yes,moderate,yes,texture|dullness|pores,redness (high %),all,yes,low,0,3-7,0.1,5.0,none,Primarily a pH adjuster at low concentrations. Mild AHA and chelating agent. Antioxidant synergist.
Malic Acid,AHA/Exfoliant,Exfoliating/Brightening/pH balancing,yes,moderate,yes,yes,moderate,yes,texture|dullness|hyperpigmentation,redness|sensitivity,adult|mature,consult,medium,1,3.5-5,2.0,10.0,retinol (same time),Apple-derived AHA. Gentler than glycolic. Often blended with other AHAs. Good for mild exfoliation.
Betaine Salicylate,BHA/Exfoliant,Exfoliating/Gentler BHA,yes,moderate,yes,yes,yes,yes,acne|pores|texture|dullness,dryness (mild),teen|adult|mature,consult,low,1,4-6,0.5,4.0,retinol (same time),Gentler BHA alternative to salicylic acid. Suitable for sensitive acne-prone skin. Lower irritancy than salicylic acid.
Polyhydroxy Acid,PHA/Exfoliant,Gentle exfoliating/Antioxidant,yes,yes,yes,yes,yes,yes,texture|dullness|aging|barrier,none,all,yes,low,0,3.5-5,2.0,10.0,none,Broad term covering gluconolactone and lactobionic acid. Very gentle multifunctional exfoliant. Safe for sensitive skin.
Lactobionic Acid,PHA/Exfoliant,Gentle exfoliating/Antioxidant/Moisturizing,yes,yes,yes,yes,yes,yes,texture|dullness|aging|barrier|dryness,none,all,yes,low,0,3.5-5,2.0,10.0,none,Galactose-gluconic acid PHA. Most moisturising PHA. Chelating and antioxidant properties. Excellent for rosacea-prone skin.
Phytic Acid,Chelating/Brightening Agent,Brightening/Metal chelation/Antioxidant,yes,yes,yes,yes,yes,yes,hyperpigmentation|dullness|pores|texture,redness (high %),all,yes,low,0,3.5-6,0.5,3.0,none,IP6 from rice/corn. Chelates metal ions triggering oxidation. Gentle tyrosinase inhibitor and antioxidant.
Lipoic Acid,Antioxidant Active,Antioxidant/Anti-aging,yes,yes,yes,yes,moderate,yes,aging|dullness|redness|texture,redness|sensitivity (high %),adult|mature,consult,medium,0,3.5-7,0.1,0.5,none,Alpha-lipoic acid. Unique water- and oil-soluble antioxidant. Can cause sensitisation at high concentrations. Use at 0.1-0.5%.
Palmitoyl Tripeptide-1,Peptide/Anti-aging,Anti-aging/Collagen stimulation,yes,yes,yes,yes,yes,yes,aging|texture|dullness,none,adult|mature,consult,low,0,4-8,0.0001,0.1,none,Matrixyl 3000 component (with Palmitoyl Tetrapeptide-7). Stimulates pro-collagen I. Very well tolerated.
Palmitoyl Tetrapeptide-7,Peptide/Anti-aging,Anti-aging/Anti-inflammatory,yes,yes,yes,yes,yes,yes,aging|texture|redness|dullness,none,adult|mature,consult,low,0,4-8,0.0001,0.1,none,Matrixyl 3000 component. Reduces IL-6 inflammatory cascade. Anti-aging and anti-inflammatory peptide.
Leuphasyl,Peptide/Anti-aging,Anti-wrinkle synergist,yes,yes,yes,yes,yes,yes,aging|texture,none,adult|mature,consult,low,0,4-8,0.001,5.0,none,Acetyl Glutamyl Heptapeptide-3. Synergises strongly with Argireline (Acetyl Hexapeptide-3) for enhanced anti-wrinkle effect.
Snap-8,Peptide/Anti-aging,Anti-wrinkle/Muscle relaxing,yes,yes,yes,yes,yes,yes,aging|texture,none,adult|mature,consult,low,0,4-8,0.001,5.0,none,Acetyl Octapeptide-3. Extended version of Argireline. Targets expression lines by inhibiting SNARE complex.
Syn-Ake,Peptide/Anti-aging,Anti-wrinkle/Snake venom analog,yes,yes,yes,yes,yes,yes,aging|texture,none,adult|mature,consult,low,0,4-8,0.001,4.0,none,Dipeptide Diaminobutyroyl Benzylamide Diacetate. Synthetic waglerin-1 analog. Relaxes facial muscles. Use in PM formulas.
Leuphasyl Peptide,Peptide/Anti-aging,Anti-wrinkle complementary peptide,yes,yes,yes,yes,yes,yes,aging|texture,none,adult|mature,consult,low,0,4-8,0.001,5.0,none,Acetyl Glutamyl Heptapeptide-1. Complements Argireline in anti-wrinkle formulas. Use in combination for best results.
Octinoxate,UV Filter/Chemical Sunscreen,UVB protection,yes,yes,yes,yes,moderate,yes,none,redness (sensitive skin),adult|mature,no,medium,0,6-8,1.0,7.5,none,Common UVB filter (Ethylhexyl Methoxycinnamate). Estrogenic activity concerns. Not recommended during pregnancy. Photostable.
Oxybenzone,UV Filter/Chemical Sunscreen,UVA/UVB protection,yes,yes,yes,yes,caution,yes,none,redness|sensitivity,adult|mature,no,medium,0,6-8,1.0,6.0,none,Benzophenone-3. Broad UVA/UVB coverage. Endocrine disruption concerns and coral reef toxicity. Prohibited in several regions. Avoid in pregnancy.
Homosalate,UV Filter/Chemical Sunscreen,UVB protection,yes,yes,yes,yes,moderate,yes,none,redness (rare),adult|mature,no,medium,0,6-8,1.0,15.0,none,Common UVB filter. Mild endocrine disruption concerns. Not recommended in pregnancy. Photostable.
Octisalate,UV Filter/Chemical Sunscreen,UVB protection/Avobenzone stabilizer,yes,yes,yes,yes,moderate,yes,none,redness (rare),adult|mature,no,medium,0,6-8,1.0,5.0,none,Ethylhexyl Salicylate. UVB filter. Also improves avobenzone photostability. Low sensitisation potential.
Tinosorb M,UV Filter/Chemical Sunscreen,Broad-spectrum UVA/UVB,yes,yes,yes,yes,yes,yes,none,redness (rare),adult|mature,consult,low,0,6-8,1.0,10.0,none,Methylene Bis-Benzotriazolyl MBBT. Micro-particulate broad-spectrum filter. Photostable. Not approved in US/Canada.
Mexoryl SX,UV Filter/Chemical Sunscreen,UVA protection,yes,yes,yes,yes,yes,yes,none,redness (rare),adult|mature,consult,low,0,6-8,0.5,3.0,none,Ecamsule. Superior UVA coverage. Not FDA approved in US. Well tolerated. Found in La Roche-Posay products.
Mexoryl XL,UV Filter/Chemical Sunscreen,Broad-spectrum UVA/UVB,yes,yes,yes,yes,yes,yes,none,redness (rare),adult|mature,consult,low,0,6-8,0.5,10.0,none,Drometrizole Trisiloxane. L'Oreal proprietary broad-spectrum filter. Synergises with Mexoryl SX for full UVA coverage.
Ethylhexylglycerin,Preservative Booster,Antimicrobial/Skin conditioning,yes,yes,yes,yes,yes,yes,none,redness (rare at high conc),all,yes,low,0,4-8,0.1,1.0,none,Multifunctional preservative booster and skin conditioner. Often paired with phenoxyethanol. Very well tolerated.
Sodium Benzoate,Preservative,Antimicrobial preservation,yes,yes,yes,yes,moderate,yes,none,redness (sensitive),all,yes,low,0,3-5,0.1,0.5,ascorbic acid (low pH may form benzene),Effective antimicrobial at pH below 5. Caution: combines with Vitamin C at low pH under heat to form trace benzene. Widely used and considered safe at regulated levels.
Potassium Sorbate,Preservative,Antimicrobial/Antifungal,yes,yes,yes,yes,yes,yes,none,redness (rare),all,yes,low,0,4-6,0.1,0.6,none,Natural antifungal preservative. Active at acidic pH. Gentle. Often combined with sodium benzoate for broad preservation.
Methylparaben,Preservative,Antimicrobial/Antifungal,yes,yes,yes,yes,moderate,yes,none,redness|sensitivity,all,consult,medium,0,4-8,0.1,0.4,none,Most used paraben preservative. Considered safe by EU CosIng and FDA at regulated concentrations. Avoid if paraben-sensitive.
Propylparaben,Preservative,Antimicrobial/Antifungal,yes,yes,yes,yes,moderate,yes,none,redness|sensitivity,adult|mature,consult,medium,0,4-8,0.01,0.14,none,EU max 0.14% in leave-on. Mild endocrine disruption concern at high doses. Precautionary avoidance in pregnancy recommended.
Benzyl Alcohol,Preservative/Solvent,Antimicrobial/Fragrance component,moderate,yes,moderate,yes,caution,yes,none,redness|sensitivity,adult|mature,caution,medium,0,4-8,0.1,1.0,none,Contact allergen in fragrance-sensitive individuals. Also a natural preservative. Avoid on broken or very sensitive skin.
Chlorphenesin,Preservative,Antimicrobial/Antifungal,yes,yes,yes,yes,moderate,yes,none,redness|sensitivity,adult|mature,consult,medium,0,4-8,0.05,0.3,none,Broad-spectrum antimicrobial. EU limit 0.3% in leave-on. Not recommended for products applied to children under 3 years.
Dehydroacetic Acid,Preservative,Antimicrobial/Antifungal,yes,yes,yes,yes,moderate,yes,none,redness (rare),all,yes,low,0,4-6,0.1,0.6,none,Effective antifungal at acidic pH. Often combined with benzyl alcohol. Very mild irritancy profile.
Benzoic Acid,Preservative,Antimicrobial/pH Adjuster,yes,yes,yes,yes,moderate,yes,none,redness|sensitivity,adult|mature,consult,medium,0,2.5-5,0.1,0.5,none,Natural preservative active only at pH below 5. Mild sensitiser in some individuals. Use at lowest effective concentration.
Sorbic Acid,Preservative,Antimicrobial/Antifungal,yes,yes,yes,yes,moderate,yes,none,redness (rare),all,yes,low,0,3.5-5.5,0.1,0.6,none,Natural antifungal acid. Active at acidic pH. E200 food-grade preservative. Very gentle profile.
Glyceryl Stearate,Emulsifier,Emulsion stability/Emollient,yes,yes,yes,yes,yes,yes,dryness|texture,none,all,yes,low,1,4-8,1.0,10.0,none,Gentle glycerol monostearate co-emulsifier. Also mildly conditions skin. One of the safest emulsifiers available.
Cetearyl Glucoside,Emulsifier,O/W emulsification,yes,yes,yes,yes,yes,yes,texture|barrier,none,all,yes,low,0,4-8,1.0,10.0,none,Sugar-based non-ionic emulsifier. Natural origin. Very gentle. Excellent for sensitive and baby skin formulas.
Sodium Lauryl Sulfate,Surfactant/Emulsifier,Cleansing/Foaming,yes,caution,yes,moderate,no,moderate,acne (cleansing),dryness|barrier|sensitivity|redness,teen|adult|mature,yes,high,0,4.5-8,0.5,15.0,none,Highly effective anionic surfactant. Can significantly disrupt skin barrier with repeated use. Avoid in dry/sensitive/eczema skin. Rinse-off use only.
"1,2-Hexanediol",Humectant/Preservative Booster,Antimicrobial/Moisturizing,yes,yes,yes,yes,moderate,yes,dryness|barrier,redness|sensitivity (at higher %),all,yes,medium,0,4-8,0.5,3.0,none,Also known as Capriol 90. Dual-function humectant and preservative booster. Mild sensitisation risk at concentrations above 1%. Very effective at low levels.
Sodium Laureth Sulfate,Surfactant/Emulsifier,Cleansing/Foaming/Milder than SLS,yes,caution,yes,moderate,caution,moderate,texture (cleansing),dryness|barrier|sensitivity,teen|adult|mature,yes,medium,0,4.5-8,0.5,15.0,none,Ethoxylated SLS. Milder due to larger molecule. May contain trace 1
Cocamidopropyl Betaine,Amphoteric Surfactant,Cleansing/Foaming/Conditioning,yes,moderate,yes,yes,moderate,yes,acne (cleansing)|texture,redness|sensitivity,all,yes,medium,0,4.5-8,1.0,20.0,none,Coconut-derived amphoteric surfactant. Milder than anionic surfactants. Can cause contact allergy. Rinse-off use.
Polysorbate 20,Emulsifier/Solubilizer,Emulsification/Fragrance solubilization,yes,yes,yes,yes,yes,yes,texture,none,all,yes,low,0,4-8,0.5,15.0,none,Mild non-ionic emulsifier. Solubilises fragrance and essential oils in water-based formulas. Very gentle.
Polysorbate 60,Emulsifier,Emulsification,yes,yes,yes,yes,yes,yes,texture,none,all,yes,low,0,4-8,1.0,15.0,none,PEG-60 sorbitan ester. Thicker emulsifier than Polysorbate 20. Used in creams and body lotions. Mild.
Polysorbate 80,Emulsifier/Solubilizer,Emulsification/Penetration enhancement,yes,yes,yes,yes,yes,yes,texture,none,all,yes,low,1,4-8,0.5,15.0,none,PEG-80 sorbitan ester. Slightly comedogenic (1). Can mildly enhance the penetration of certain actives.
Lecithin,Emulsifier,Emulsification/Skin barrier support,yes,yes,yes,yes,yes,yes,dryness|barrier|texture,none,all,yes,low,0,4-8,0.1,3.0,none,Phosphatidylcholine from soy or egg. Supports skin barrier lipid structure. May be problematic for severe soy allergy.
BHT,Antioxidant/Preservative,Antioxidant/Stabilizer,yes,yes,yes,yes,moderate,yes,aging (antioxidant),sensitivity (rare),all,consult,low,0,4-8,0.001,0.1,none,Butylated hydroxytoluene. Synthetic antioxidant. Stabilises formulas. Used at trace levels. Considered safe at regulated concentrations.
BHA,Antioxidant/Preservative,Antioxidant/Stabilizer,yes,yes,yes,yes,moderate,yes,aging (antioxidant),sensitivity (rare),all,consult,low,0,4-8,0.001,0.02,none,Butylated hydroxyanisole. Antioxidant preservative at very low percentages. Safety within cosmetic use limits is well established.
Idebenone,Antioxidant Active,Antioxidant/Anti-aging,yes,yes,yes,yes,yes,yes,aging|dullness|redness|texture,none,adult|mature,yes,low,0,4-8,0.1,1.0,none,CoQ10 synthetic analog. More stable and bioavailable than CoQ10. Powerful antioxidant for anti-aging formulas.
Madecassoside,Soothing Active,Anti-inflammatory/Collagen synthesis,yes,yes,yes,yes,yes,yes,redness|sensitivity|barrier|aging,none,all,yes,low,0,4-8,0.1,3.0,none,Centella asiatica triterpene glucoside. Key cica active. Stimulates collagen synthesis and repairs compromised barrier.
Asiaticoside,Soothing Active,Anti-inflammatory/Wound healing,yes,yes,yes,yes,yes,yes,redness|sensitivity|barrier|acne,none,all,yes,low,0,4-8,0.1,2.0,none,Centella glycoside. Promotes wound healing and collagen production. Excellent for post-procedure and compromised skin.
Ceramide EOP,Barrier Active,Skin barrier repair/Essential,yes,yes,yes,yes,yes,yes,barrier|dryness|sensitivity|redness|aging,none,all,yes,low,0,5-7,0.01,5.0,none,Ceramide 1. Contains linoleic acid esterified at omega position. Critical for lamellar body function. Works synergistically with all other ceramides and cholesterol.
Pantothenic Acid,Soothing/Healing Active,Soothing/Wound healing,yes,yes,yes,yes,yes,yes,redness|sensitivity|dryness|barrier,none,all,yes,low,0,4-8,0.1,5.0,none,Vitamin B5 free acid. Soothing and wound healing. Precursor to Panthenol in skin metabolism.
Chamomile Extract,Soothing Active,Soothing/Anti-inflammatory,yes,yes,yes,yes,yes,yes,redness|sensitivity|acne|barrier,redness (Asteraceae allergy),all,yes,low,0,4-7,0.1,5.0,none,Rich in bisabolol and apigenin. Anti-inflammatory. Excellent for sensitive and reactive skin. Avoid if allergic to Asteraceae family.
Calendula Extract,Soothing Active,Soothing/Anti-inflammatory/Healing,yes,yes,yes,yes,yes,yes,redness|sensitivity|dryness|barrier,redness (Compositae allergy),all,yes,low,0,4-7,0.1,5.0,none,Pot marigold. Triterpenoid-rich wound-healing botanical. Avoid if allergic to Asteraceae/Compositae family.
Cucumber Extract,Soothing Active,Soothing/Cooling/Moisturizing,yes,yes,yes,yes,yes,yes,redness|sensitivity|puffiness|dryness,none,all,yes,low,0,4-7,0.1,10.0,none,High water content and mild astringent properties. Cooling effect. Excellent for puffy and irritated skin.
EGF,Growth Factor Active,Anti-aging/Cell renewal/Wound healing,yes,yes,yes,yes,yes,yes,aging|texture|barrier,none,adult|mature,consult,low,0,6-8,1e-05,0.01,none,sh-Oligopeptide-1. Stimulates epidermal cell proliferation. Effective at extremely low concentrations. Stability sensitive to pH and heat.
Hydrolyzed Collagen,Protein/Moisturizing,Moisturizing/Skin elasticity,yes,yes,yes,yes,yes,yes,dryness|aging|texture|barrier,none,all,yes,low,0,4-8,0.5,5.0,none,Collagen peptides. Film-forming on skin surface. Moisturising and conditioning. Cannot replace structural dermal collagen topically.
Hydrolyzed Keratin,Protein/Strengthening,Hair/Skin strengthening/Moisturizing,yes,yes,yes,yes,yes,yes,texture|dryness|barrier,none,all,yes,low,0,4-8,0.1,5.0,none,Keratin peptides. Film-forming and barrier strengthening. Better documented for hair applications but beneficial for skin barrier too.
Hydrolyzed Silk,Protein/Conditioning,Conditioning/Moisturizing/Film forming,yes,yes,yes,yes,yes,yes,texture|dryness|barrier|dullness,none,all,yes,low,0,4-8,0.1,5.0,none,Silk amino acids from sericin/fibroin. Imparts silky texture. Film-forming. Conditioning and moisturising.
Sodium Hydroxide,pH Adjuster,pH Adjustment,yes,yes,yes,yes,yes,yes,none,irritation at high concentration or undiluted,all,yes,low,0,5-9,0.001,1.0,none,Caustic soda. Used in trace amounts only to adjust formulation pH. Safe at typical cosmetic concentrations.
Citric Acid (pH),pH Adjuster/Chelating,pH Balancing/Metal chelation,yes,yes,yes,yes,yes,yes,none,redness (high %),all,yes,low,0,3-7,0.1,5.0,none,Used primarily as pH adjuster at low concentrations. Chelating agent. Distinguished from AHA exfoliant use by concentration.
Triethanolamine,pH Adjuster/Emulsifier,pH Adjustment/Emulsification,yes,yes,yes,yes,moderate,yes,none,redness|sensitivity,all,consult,medium,0,5-9,0.1,2.5,none,TEA. Neutralises carbomers and acidic actives. Can cause sensitisation. EU max 2.5% in leave-on. Do not use with nitrosating agents.
Disodium EDTA,Chelating Agent,Metal chelation/Preservative booster,yes,yes,yes,yes,yes,yes,none,redness (very rare),all,yes,low,0,4-9,0.01,0.1,none,Chelates heavy metals to prevent formulation rancidity and enhance preservative efficacy. Standard safe cosmetic ingredient.
Tetrasodium EDTA,Chelating Agent,Metal chelation/Preservative booster,yes,yes,yes,yes,yes,yes,none,redness (very rare),all,yes,low,0,4-9,0.01,0.2,none,Tetrasodium salt of EDTA. More water soluble than disodium form. Penetration enhancement concern noted at high percentages.
Carbomer,Thickener/Gelling Agent,Texture/Viscosity,yes,yes,yes,yes,yes,yes,texture,redness (very rare),all,yes,low,0,5-10,0.1,3.0,none,Polyacrylic acid cross-polymer (e.g. Carbopol 940). Must be neutralised (NaOH or TEA) to develop viscosity. Creates clear stable gels.
Xanthan Gum,Thickener/Stabilizer,Texture/Stability/Moisturizing,yes,yes,yes,yes,yes,yes,dryness|texture|barrier,none,all,yes,low,0,4-8,0.1,3.0,none,Bacterial fermentation polysaccharide. Excellent rheology modifier. Slightly moisturising. Very safe and widely used.
Hydroxypropyl Methylcellulose,Thickener/Film Former,Texture/Film forming,yes,yes,yes,yes,yes,yes,texture|barrier,none,all,yes,low,0,4-8,0.5,5.0,none,HPMC. Semi-synthetic cellulose derivative. Film-forming and thickening. Very safe and inert.
Hydroxyethylcellulose,Thickener/Gelling Agent,Texture/Viscosity,yes,yes,yes,yes,yes,yes,texture,none,all,yes,low,0,4-8,0.5,5.0,none,HEC. Water-soluble cellulose ether. Gentle thickener for transparent gels. Very safe.
Polyacrylamide,Thickener/Film Former,Texture/Film forming,yes,yes,yes,yes,yes,yes,texture|barrier,none,all,yes,low,0,4-8,1.0,40.0,none,Acrylamide polymer thickener. The polymer is safe; the residual acrylamide monomer is regulated to very low levels. Used in Sepigel 305.
Sodium Polyacrylate,Thickener/Absorbent,Texture/Super-absorbent,yes,yes,yes,yes,yes,yes,texture,none,all,yes,low,0,4-8,0.5,5.0,none,Super-absorbent acrylate polymer. Creates extremely smooth skin feel. Excellent for oily skin mattifying formulas.
Agar,Gelling Agent,Texture/Gelling,yes,yes,yes,yes,yes,yes,texture,none,all,yes,low,0,4-8,0.5,3.0,none,Red algae polysaccharide. Natural gelling agent. Vegan gelatin alternative. Very safe.
Carrageenan,Thickener/Gelling Agent,Texture/Stability,yes,yes,yes,yes,moderate,yes,texture,redness (rare),all,yes,low,0,4-8,0.05,2.0,none,Red seaweed polysaccharide. Undegraded carrageenan considered safe in cosmetics. Provides slip and stability.
Parfum,Fragrance,Sensory/Masking,moderate,moderate,moderate,moderate,caution,moderate,none,redness|sensitivity|allergy,adult|mature,consult,high,0,4-8,0.001,2.0,none,Fragrance blend. Most common contact allergen in cosmetics. Avoid in sensitive and reactive skin products. EU requires labelling of 26 allergenic fragrance components.
Lavender Extract,Soothing/Fragrance,Soothing/Anti-inflammatory/Fragrance,yes,yes,yes,yes,moderate,yes,redness|sensitivity|dryness,redness (linalool oxidation in some),all,yes,medium,0,4-7,0.1,2.0,none,Soothing and antimicrobial. Contains linalool and linalyl acetate. Oxidised linalool can cause sensitisation in some users.
Rose Extract,Soothing/Antioxidant,Soothing/Antioxidant/Fragrance,yes,yes,yes,yes,yes,yes,redness|sensitivity|aging|dullness,none,all,yes,low,0,4-7,0.1,5.0,none,Rosa damascena extract. Gentle antioxidant and soothing properties. Suitable for all skin types including sensitive.
Turmeric Extract,Antioxidant/Anti-inflammatory,Antioxidant/Brightening/Anti-inflammatory,yes,yes,yes,yes,yes,yes,hyperpigmentation|redness|dullness|aging,staining (curcumin yellow),adult|mature,yes,low,0,4-7,0.05,2.0,none,Curcumin is primary active. Potent antioxidant and anti-inflammatory. Can stain skin and fabrics yellow. Use at low concentrations.
Neem Extract,Anti-inflammatory/Antimicrobial,Anti-inflammatory/Antimicrobial/Soothing,yes,yes,yes,yes,moderate,yes,acne|redness|barrier,redness|sensitivity (high %),teen|adult|mature,yes,medium,0,4-7,0.1,3.0,none,Azadirachta indica. Contains nimbidin and nimbin. Potent antimicrobial. Strong natural odour. Dilute appropriately.
Seaweed Extract,Humectant/Antioxidant,Moisturizing/Antioxidant/Detox,yes,yes,yes,yes,yes,yes,dryness|aging|dullness|texture,none,all,yes,low,0,4-7,0.1,5.0,none,Marine algae polysaccharide extract. Moisturising and antioxidant. Suitable for all skin types.
Pomegranate Extract,Antioxidant Active,Antioxidant/Anti-aging/Brightening,yes,yes,yes,yes,yes,yes,aging|dullness|hyperpigmentation|redness,none,adult|mature,yes,low,0,4-7,0.1,5.0,none,Very high ORAC antioxidant value. Ellagic acid and punicalagins support brightening and anti-aging.
Kaolin,Absorbent/Thickener,Oil absorption/Texture/Cleansing,yes,caution,yes,yes,caution,moderate,pores|texture|acne,dryness|sensitivity (overuse),teen|adult|mature,yes,low,0,5-8,2.0,30.0,none,White clay. Oil-absorbing and mild cleansing. Can be drying with overuse. Not suitable as primary ingredient for dry or sensitive skin.
Bentonite,Absorbent/Thickener,Oil absorption/Detox/Texture,yes,no,caution,moderate,caution,moderate,pores|texture|acne|dullness,dryness|barrier|sensitivity,teen|adult|mature,yes,low,0,5-8,2.0,20.0,none,Montmorillonite clay. Highly absorbent. Very drying with overuse. Best for oily skin masks. Rinse-off use.
Zinc Sulfate,Astringent/Antimicrobial,Antimicrobial/Astringent/Wound healing,yes,moderate,yes,yes,moderate,yes,acne|redness|pores,dryness|irritation (high %),teen|adult|mature,yes,medium,0,4-7,0.25,2.0,none,Zinc salt with astringent and antimicrobial properties. Used in toners and acne treatments to reduce sebum and bacteria.
Silica,Absorbent/Thickener,Oil absorption/Texture/Mattifying,yes,moderate,yes,yes,yes,yes,pores|texture|dullness,dryness (mattifying effect),teen|adult|mature,yes,low,0,5-8,1.0,20.0,none,Silicon dioxide. Mattifies and absorbs oil. Provides slip and soft-focus optical effect. Non-irritating.
DMAE,Firming Active,Skin firming/Anti-aging,moderate,yes,yes,yes,moderate,yes,aging|texture|dullness,redness|irritation (high %),adult|mature,consult,medium,0,4-8,0.1,3.0,none,Dimethylaminoethanol. Proposed firming mechanism debated. Can temporarily swell cells. Use at 0.5-2%. Not for pregnancy.
Palmitoyl Oligopeptide,Peptide Active,Anti-aging/Collagen support,yes,yes,yes,yes,yes,yes,aging|texture|dullness,none,adult|mature,consult,low,0,4-8,0.0001,0.1,none,Biopeptide EL. Palmitoyl-GHK. Stimulates collagen and hyaluronic acid synthesis. Very well tolerated.
Hyaluronan,Humectant Active,Long-chain HA moisture retention,yes,yes,yes,yes,yes,yes,dryness|aging|barrier|texture,none,all,yes,low,0,5-7,0.01,2.0,none,High molecular weight hyaluronic acid. Forms film on skin surface for immediate moisture. Complements low MW Sodium Hyaluronate.
Sodium Gluconate,Chelating/Humectant,Metal chelation/Moisturizing,yes,yes,yes,yes,yes,yes,dryness|barrier,none,all,yes,low,0,4-8,0.1,3.0,none,Sodium salt of gluconic acid. Gentle chelating agent and mild humectant. Very safe and well tolerated.
Sea Salt,Texture/Mineral,Exfoliating/Mineral supply/Osmotic,yes,moderate,yes,yes,caution,moderate,texture|pores|dullness,dryness|redness|sensitivity,teen|adult|mature,yes,medium,0,5-8,1.0,30.0,none,Sodium chloride from sea. Physical exfoliant in scrubs. Can sting on broken or sensitive skin. Rinse-off use only.
Snail Secretion Filtrate,Soothing/Repair Active,Repair/Moisturizing/Anti-aging/Soothing,yes,yes,yes,yes,yes,yes,aging|texture|barrier|acne|redness|hyperpigmentation,none,all,yes,low,0,4-7,0.5,96.0,none,Contains glycoproteins/mucopolysaccharides/glycolic acid/zinc/copper. Multi-benefit ingredient. Higher % used in dedicated snail mucin serums.
Beta-Glucan,Humectant/Soothing Active,Moisturizing/Soothing/Immune support,yes,yes,yes,yes,yes,yes,dryness|redness|sensitivity|barrier|aging,none,all,yes,low,0,4-7,0.1,10.0,none,Oat and yeast-derived polysaccharide. Activates skin innate immune response. Superb moisturiser and soothing agent for sensitive/mature skin.
Ectoin,Soothing/Protective Active,Anti-inflammatory/Barrier/DNA protection,yes,yes,yes,yes,yes,yes,redness|sensitivity|barrier|aging|dryness,none,all,yes,low,0,4-7,0.1,2.0,none,Natural extremolyte from halophilic bacteria. Stabilises skin proteins and DNA against environmental stress. Exceptional for sensitive skin.
Galactomyces Ferment Filtrate,Brightening/Anti-aging Active,Brightening/Pore minimizing/Skin texture,yes,yes,yes,yes,yes,yes,dullness|pores|texture|hyperpigmentation|aging,none,all,yes,low,0,4-7,1.0,95.0,none,Yeast ferment Pitera. Rich in vitamins/minerals/amino acids. Multibenefit brightening and pore-refining. Key ingredient in SK-II products.
Bifida Ferment Lysate,Probiotic/Barrier Active,Skin microbiome/Barrier/Anti-aging,yes,yes,yes,yes,yes,yes,barrier|sensitivity|redness|aging|dullness,none,all,yes,low,0,4-7,0.5,5.0,none,Probiotic-derived lysate. Strengthens skin microbiome diversity and barrier function. Excellent for sensitive and compromised skin.
Saccharomyces Ferment Filtrate,Probiotic/Moisturizing,Microbiome support/Moisturizing/Antioxidant,yes,yes,yes,yes,yes,yes,dryness|dullness|aging|barrier,none,all,yes,low,0,4-7,0.5,10.0,none,Yeast ferment filtrate. Brightening and moisturising. Contains vitamins B and amino acids. Synergises well with niacinamide.
Propolis Extract,Antioxidant/Antimicrobial Active,Antimicrobial/Antioxidant/Soothing,yes,yes,yes,yes,moderate,yes,acne|redness|aging|dullness|barrier,redness|sensitivity (bee product allergy),teen|adult|mature,consult,medium,0,4-7,0.1,5.0,none,Bee-derived resinous substance. Potent antimicrobial and antioxidant. Avoid if allergic to bees or bee products.
Artemisia Vulgaris Extract,Soothing Active,Soothing/Anti-inflammatory/Barrier,yes,yes,yes,yes,yes,yes,redness|sensitivity|barrier|acne|dryness,none,all,yes,low,0,4-7,0.1,10.0,none,Korean mugwort (Ssuk). Rich in flavonoids and monoterpenes. Excellent for eczema-prone and sensitive skin barrier repair.
Willow Bark Extract,Natural Exfoliant/Soothing,Natural salicin source/Soothing/Anti-inflammatory,yes,moderate,yes,yes,moderate,yes,acne|texture|redness|pores,sensitivity|dryness,teen|adult|mature,consult,medium,1,4-7,0.5,5.0,none,Contains salicin (natural BHA precursor). Gentler exfoliation than synthetic salicylic acid. Antioxidant polyphenols. Good for acne-prone skin.
Magnesium Ascorbyl Phosphate,Antioxidant/Brightening Active,Brightening/Stable Vitamin C/Antioxidant,yes,yes,yes,yes,yes,yes,hyperpigmentation|dullness|aging,none,all,yes,low,0,5-7,0.5,3.0,none,MAP. Stable water-soluble Vitamin C phosphate. Works at higher pH than ascorbic acid. Very gentle and suitable for sensitive skin.
4-Butylresorcinol,Brightening Active,Brightening/Tyrosinase inhibitor,yes,yes,yes,yes,yes,yes,hyperpigmentation|dullness,redness (rare),adult|mature,consult,low,0,4-7,0.1,1.0,none,Potent but gentle tyrosinase inhibitor. Effective at 0.3-1%. Low irritancy compared to kojic acid or hydroquinone.
Hexylresorcinol,Brightening Active,Brightening/Tyrosinase inhibitor/Antimicrobial,yes,yes,yes,yes,moderate,yes,hyperpigmentation|dullness,redness (sensitisation risk),adult|mature,consult,medium,0,4-7,0.05,1.0,none,4-Hexylresorcinol. Potent brightener and antimicrobial. Sensitisation possible at high concentrations. Use at sub-1%.
Astaxanthin,Antioxidant Active,Powerful antioxidant/Anti-aging/UV protection,yes,yes,yes,yes,yes,yes,aging|redness|dullness|texture,none,adult|mature,yes,low,0,4-7,0.01,0.2,none,Ketocarotenoid from marine microalgae. 6000x antioxidant potency vs Vitamin C. Can impart reddish colour to formula at higher concentrations.
Ergothioneine,Antioxidant Active,Antioxidant/Anti-aging/DNA protection,yes,yes,yes,yes,yes,yes,aging|dullness|redness|texture,none,all,yes,low,0,4-7,0.001,5.0,none,Naturally occurring thio-histidine betaine. Transporter-mediated uptake into skin cells. Protects mitochondrial DNA. Very gentle.
Glutathione,Antioxidant/Brightening Active,Antioxidant/Brightening/Detox,yes,yes,yes,yes,yes,yes,hyperpigmentation|dullness|aging,none,adult|mature,consult,low,0,4-7,0.05,5.0,none,Master cellular antioxidant. Topical bioavailability debated; encapsulated or oxidised forms may improve delivery. Brightening at higher topical concentrations.
Ceramide NS,Barrier Active,Skin barrier repair/Moisturizing,yes,yes,yes,yes,yes,yes,barrier|dryness|sensitivity|redness,none,all,yes,low,0,5-7,0.01,5.0,none,Ceramide 2. N-Stearoylsphingosine. Works synergistically with Ceramide NP and Ceramide AP to restore barrier lipid matrix.
Ceramide AS,Barrier Active,Skin barrier repair,yes,yes,yes,yes,yes,yes,barrier|dryness|sensitivity|redness,none,all,yes,low,0,5-7,0.01,5.0,none,Ceramide 5. Alpha-hydroxy fatty acid ceramide. Part of the complete ceramide complex for full barrier repair.
Ceramide NG,Barrier Active,Skin barrier repair,yes,yes,yes,yes,yes,yes,barrier|dryness|sensitivity|redness,none,all,yes,low,0,5-7,0.01,5.0,none,Ceramide 4. N-Stearoyldihydrosphingosine. Dihydroceramide that rounds out the ceramide complex formulation.
Phytosterols,Barrier Active/Anti-inflammatory,Barrier repair/Anti-inflammatory/Emollient,yes,yes,yes,yes,yes,yes,barrier|dryness|redness|aging,none,all,yes,low,0,4-8,0.1,5.0,none,Beta-sitosterol/stigmasterol from plants. Mimic cholesterol in the skin barrier. Anti-inflammatory. Good complement to ceramide formulas.
Stearic Acid,Emollient/Emulsifier,Moisturizing/Emulsion stabilizer/Texture,yes,yes,yes,yes,yes,yes,dryness|texture|barrier,acne (high %),all,yes,low,3,4-8,1.0,20.0,none,Saturated C18 fatty acid. Gives creams body and opaque appearance. Comedogenicity 3. Naturally occurs in skin lipids.
Oleic Acid,Emollient/Penetration Enhancer,Moisturizing/Penetration enhancement,moderate,yes,moderate,yes,moderate,yes,dryness|aging|barrier,acne (high %),all,yes,medium,3,4-8,1.0,30.0,none,Omega-9 fatty acid. Penetration enhancer. Comedogenicity 3. Predominant in olive oil. Good for dry and mature skin.
Linoleic Acid,Emollient/Barrier Active,Barrier repair/Anti-inflammatory/Brightening,yes,yes,yes,yes,yes,yes,dryness|barrier|acne|redness|hyperpigmentation,none,all,yes,low,0,4-8,0.5,5.0,none,Omega-6 essential fatty acid. Deficient in acne-prone sebum. Anti-comedogenic and barrier-repairing. Brightening via inhibition of tyrosinase.
Palmitic Acid,Emollient/Emulsifier,Moisturizing/Texture,moderate,yes,yes,yes,yes,yes,dryness|texture|barrier,acne (high %),all,yes,low,2,4-8,1.0,20.0,none,Saturated C16 fatty acid. Occurs naturally in human skin lipids. Slightly comedogenic at high concentrations. Comedogenicity 2.
Grapeseed Oil,Emollient/Antioxidant,Moisturizing/Antioxidant/Lightweight,yes,yes,yes,yes,yes,yes,dryness|acne|aging|texture,none,all,yes,low,1,4-7,1.0,100.0,none,Very high linoleic acid content. Lightweight non-greasy texture. Low comedogenicity 1. Good for oily and acne-prone skin.
Meadowfoam Seed Oil,Emollient,Moisturizing/Skin softening/Stable oil,yes,yes,yes,yes,yes,yes,dryness|texture|barrier|aging,none,all,yes,low,1,4-7,1.0,100.0,none,Limnanthes alba oil. Extremely oxidatively stable (long shelf life). Non-greasy. Suitable for all skin types.
Nigella Sativa Seed Oil,Emollient/Anti-inflammatory,Antimicrobial/Anti-inflammatory/Moisturizing,yes,yes,yes,yes,moderate,yes,acne|redness|dryness|barrier,redness|sensitivity (high %),adult|mature,yes,medium,2,4-7,1.0,30.0,none,Black seed oil. Contains thymoquinone with anti-inflammatory and antimicrobial properties. Pronounced natural smell. Use diluted at 5-20%.
Chia Seed Oil,Emollient/Antioxidant,Moisturizing/Anti-inflammatory/Antioxidant,yes,yes,yes,yes,yes,yes,dryness|aging|redness|barrier,none,all,yes,low,0,4-7,1.0,100.0,none,Very high ALA omega-3 content. Anti-inflammatory and antioxidant. Lightweight. Good for sensitive and mature skin.
Prickly Pear Seed Oil,Emollient/Antioxidant,Moisturizing/Anti-aging/Antioxidant,moderate,yes,yes,yes,yes,yes,aging|dryness|texture|dullness,none,adult|mature,yes,low,1,4-7,1.0,100.0,none,Opuntia ficus-indica seed oil. Among the highest Vitamin E content of any cosmetic oil. Premium anti-aging antioxidant.
Saccharide Isomerate,Humectant/Binding,Long-lasting moisture binding/Barrier,yes,yes,yes,yes,yes,yes,dryness|aging|barrier|texture,none,all,yes,low,0,4-7,0.1,5.0,none,Pentavitin. Carbohydrate complex that chemically bonds to keratin proteins for sustained 72-hour hydration. Mimics skin NMF.
Sodium Lactate,Humectant/pH Adjuster,Moisturizing/pH balancing/NMF component,yes,yes,yes,yes,yes,yes,dryness|texture|barrier,redness (rare at high %),all,yes,low,0,4-6,0.5,8.0,none,NMF component. Sodium salt of lactic acid. Excellent humectant. Also mild exfoliant when formulated at lower pH. Very well tolerated.
Dipeptide-2,Peptide/Anti-edema,Anti-puffiness/Lymphatic drainage/Anti-aging,yes,yes,yes,yes,yes,yes,aging|pores|dullness|puffiness,none,adult|mature,consult,low,0,4-8,0.001,5.0,none,Val-Trp valinyl-tryptophan. Eyeseryl. Reduces under-eye puffiness by stimulating lymphatic drainage. Best in eye area products.
Acetyl Tetrapeptide-9,Peptide/Anti-aging,Anti-aging/Collagen stimulation/Firming,yes,yes,yes,yes,yes,yes,aging|texture|dullness,none,adult|mature,consult,low,0,4-8,0.001,5.0,none,Dermican. Stimulates lumican and collagen I synthesis. Firming anti-aging peptide. Excellent for formulas targeting skin laxity.
Tripeptide-29,Peptide/Anti-aging,Collagen synthesis/Anti-wrinkle,yes,yes,yes,yes,yes,yes,aging|texture,none,adult|mature,consult,low,0,4-8,0.001,5.0,none,Gly-Pro-Hyp collagen sequence tripeptide. Directly stimulates Type I collagen synthesis. Very well tolerated.
Acetyl Tetrapeptide-2,Peptide/Anti-aging,Skin renewal/Firming/Anti-aging,yes,yes,yes,yes,yes,yes,aging|texture|dullness,none,adult|mature,consult,low,0,4-8,0.001,5.0,none,Thymulen 4. Mimics thymopoietin signalling. Promotes skin renewal and firmness. Anti-aging peptide.
Nonapeptide-1,Brightening Peptide,Brightening/MSH inhibition,yes,yes,yes,yes,yes,yes,hyperpigmentation|dullness,none,adult|mature,consult,low,0,4-8,0.001,5.0,none,Melanostatine 5. Inhibits alpha-MSH receptor to reduce melanin production. Effective brightening peptide at low concentrations.
Undecylenoyl Phenylalanine,Brightening Active,Brightening/MSH inhibition,yes,yes,yes,yes,yes,yes,hyperpigmentation|dullness,none,adult|mature,consult,low,0,4-8,0.1,3.0,none,Sepiwhite MSH. Phenylalanine derivative that competes with alpha-MSH for receptor binding. Inhibits melanin synthesis pathway.
Thiamidol,Brightening Active,Brightening/Tyrosinase inhibitor,yes,yes,yes,yes,yes,yes,hyperpigmentation|dullness,none,adult|mature,consult,low,0,4-7,0.1,2.0,none,Isobutylamido Thiazolyl Resorcinol. Eucerin-patented ingredient. One of the most effective topical tyrosinase inhibitors. Excellent clinical data for melasma.
Dioic Acid,Brightening Active,Brightening/Tyrosinase inhibitor,yes,yes,yes,yes,yes,yes,hyperpigmentation|dullness|acne,redness (rare),adult|mature,consult,low,0,4-7,0.2,2.0,none,Sym White 377 active (1-12-dodecanedioic acid). Safe dicarboxylic acid brightener. Well tolerated with consistent pigmentation results.
Arbutin,Brightening Active,Brightening/Tyrosinase inhibitor,yes,yes,yes,yes,yes,yes,hyperpigmentation|dullness,none,adult|mature,consult,low,0,4-7,0.5,7.0,none,Mixed alpha/beta arbutin. Hydroquinone glucoside. Widely used brightener. Pregnancy caution due to hydroquinone parent. Effective tyrosinase inhibitor.
Ellagic Acid,Brightening/Antioxidant Active,Brightening/Antioxidant/Anti-aging,yes,yes,yes,yes,yes,yes,hyperpigmentation|dullness|aging|redness,none,adult|mature,yes,low,0,4-7,0.1,1.0,none,Pomegranate-derived polyphenol. Tyrosinase inhibitor and antioxidant. Clinically effective brightener.
Zinc Pyrithione,Antimicrobial Active,Antidandruff/Antimicrobial/Sebum control,yes,moderate,yes,yes,moderate,moderate,acne|redness|pores,dryness|sensitivity,teen|adult|mature,yes,medium,0,4-8,0.1,2.0,none,Broad antimicrobial; effective against Malassezia yeast linked to dandruff and pityrosporum folliculitis. Useful for fungal acne treatment.
Piroctone Olamine,Antimicrobial Active,Antidandruff/Antimicrobial/Sebum regulation,yes,moderate,yes,yes,moderate,moderate,acne|redness|pores,sensitivity (rare),teen|adult|mature,yes,medium,0,4-8,0.1,1.0,none,Octopirox. Antifungal and antibacterial. Effective for seborrheic dermatitis and Malassezia-associated skin conditions.
Resorcinol,Brightening/Anti-acne Active,Brightening/Keratolytic/Anti-acne,yes,no,yes,yes,caution,moderate,acne|hyperpigmentation|texture,dryness|redness|sensitivity,adult|mature,no,high,0,4-7,0.5,2.0,none,Potent keratolytic and tyrosinase inhibitor. Irritating at higher percentages. Not for sensitive or dry skin. Avoid in pregnancy.
Polyhydroxystearic Acid,Emulsifier/Dispersant,W/O emulsification/Pigment dispersing,yes,yes,yes,yes,yes,yes,texture,none,all,yes,low,0,4-8,0.1,5.0,none,PHSA. Used in anhydrous and W/O emulsions. Excellent for dispersing mineral pigments in sunscreen formulas.
Isostearic Acid,Emollient/Emulsifier,Moisturizing/Emulsification/Texture,yes,yes,yes,yes,yes,yes,dryness|texture|barrier,none,all,yes,low,0,4-8,1.0,15.0,none,Branched C18 fatty acid. Non-crystallising at room temperature. Excellent for lip products and anhydrous formulas.
Cyclohexasiloxane,Emollient/Solvent,Lightweight carrier/Smoothing,yes,yes,yes,yes,yes,yes,texture|barrier,none,all,yes,low,0,4-8,1.0,50.0,none,D6 cyclic silicone. Larger ring size than D5. Similar function to cyclomethicone. Environmental bioaccumulation concerns parallel those of other cyclic silicones.
Sodium Cocoyl Isethionate,Mild Surfactant,Gentle cleansing/Conditioning/Foaming,yes,moderate,yes,yes,yes,yes,acne (cleansing)|texture,dryness (occasional),all,yes,low,0,4-7,5.0,30.0,none,Coconut fatty acid isethionate salt. Exceptionally mild. Used in solid bars and cream cleansers. Leaves skin feeling conditioned.
Lauryl Glucoside,Mild Surfactant,Gentle Cleansing/Foaming,yes,moderate,yes,yes,moderate,yes,texture (cleansing),dryness (mild),all,yes,low,0,4-7,2.0,30.0,none,C12-alkyl glucoside. Sugar-based mild surfactant from natural origin. Gentle enough for sensitive skin. Used in rinse-off formulas.
Decyl Glucoside,Mild Surfactant,Gentle Cleansing/Foaming,yes,moderate,yes,yes,yes,yes,texture (cleansing),dryness (mild),all,yes,low,0,4-7,2.0,30.0,none,C10-alkyl glucoside. Gentlest of the alkyl glucoside surfactants. Suitable for baby and hypoallergenic formulas. Rinse-off use.
Isocetyl Stearate,Emollient,Moisturizing/Lightweight texture,yes,yes,yes,yes,yes,yes,dryness|texture,none,all,yes,low,0,4-8,1.0,15.0,none,Ester emollient. Non-greasy. Good for lightweight moisturisers and make-up formulas.
Hydrogenated Lecithin,Emulsifier/Barrier,Emulsification/Barrier support,yes,yes,yes,yes,yes,yes,dryness|barrier|texture,none,all,yes,low,0,4-8,0.1,3.0,none,Hydrogenated phospholipid. More oxidatively stable than regular lecithin. Supports liposomal delivery and barrier reinforcement.
Tremella Fuciformis Extract,Humectant/Antioxidant,Deep moisturizing/Antioxidant/Anti-aging,yes,yes,yes,yes,yes,yes,dryness|aging|texture|barrier,none,all,yes,low,0,4-7,0.1,5.0,none,Snow mushroom polysaccharide. Holds up to 500x its weight in water. Comparable to hyaluronic acid in moisturising efficacy. Very gentle.
Reishi Mushroom Extract,Antioxidant/Adaptogen,Antioxidant/Anti-aging/Immune support,yes,yes,yes,yes,yes,yes,aging|dullness|redness|barrier,none,adult|mature,yes,low,0,4-7,0.1,5.0,none,Ganoderma lucidum. Beta-glucans and triterpenes. Adaptogenic anti-inflammatory. Anti-aging for stressed mature skin.
Chaga Mushroom Extract,Antioxidant Active,Antioxidant/Anti-inflammatory/Anti-aging,yes,yes,yes,yes,yes,yes,aging|dullness|redness,none,adult|mature,yes,low,0,4-7,0.1,5.0,none,Inonotus obliquus. One of the highest ORAC-value botanicals. Contains melanin-like compounds and betulinic acid. Powerful antioxidant.
Laminaria Extract,Antioxidant/Moisturizing,Antioxidant/Detox/Moisturizing,yes,yes,yes,yes,yes,yes,aging|dullness|dryness|texture,none,all,yes,low,0,4-7,0.1,5.0,none,Brown seaweed Laminaria digitata. Rich in fucoidans and iodine. Anti-aging and detoxifying properties.
Fucus Vesiculosus Extract,Antioxidant/Slimming Active,Antioxidant/Anti-cellulite/Detox,yes,yes,yes,yes,moderate,yes,aging|dullness|texture,redness (iodine sensitivity),adult|mature,consult,medium,0,4-7,0.1,5.0,none,Bladderwrack seaweed. High iodine and fucoidan content. Antioxidant and slimming properties. Avoid if iodine-sensitive or with thyroid conditions.
Isosorbide Dimethyl Ether,Penetration Enhancer/Solvent,Penetration enhancement/Active delivery,yes,yes,yes,yes,moderate,yes,none,redness|sensitivity (high %),adult|mature,yes,medium,0,4-8,1.0,20.0,none,DMI. Significantly enhances penetration of other actives (e.g. Vitamin C/AHAs). Use judiciously with potent actives on sensitive skin.
Methylsulfonylmethane,Anti-inflammatory Active,Anti-inflammatory/Soothing/Collagen support,yes,yes,yes,yes,yes,yes,redness|sensitivity|aging|barrier,none,all,yes,low,0,4-8,0.1,5.0,none,MSM. Bioavailable organic sulfur compound. Anti-inflammatory. May support keratin and collagen integrity. Well tolerated.
Zinc Gluconate,Antimicrobial/Sebum control,Anti-acne/Sebum control/Zinc delivery,yes,moderate,yes,yes,moderate,moderate,acne|pores|redness,dryness (high %),teen|adult|mature,yes,low,0,4-8,0.5,2.0,none,Bioavailable zinc salt. Anti-inflammatory and sebostatic. Reduces P. acnes and sebum production. Good for oily/acne skin.
Niacinamide Methylether,Anti-aging/Brightening Active,Anti-aging/Brightening/Antioxidant,yes,yes,yes,yes,yes,yes,hyperpigmentation|aging|dullness|redness,none,adult|mature,yes,low,0,4-8,0.01,2.0,none,1-Methylnicotinamide (MNA). More stable niacinamide derivative. Sirtuin-activating anti-aging properties. Less risk of niacin flush.
Isoflavones,Phytoestrogen/Anti-aging,Anti-aging/Brightening/Antioxidant,yes,yes,yes,yes,yes,yes,aging|dullness|hyperpigmentation|texture,none,adult|mature,consult,low,0,4-8,0.01,1.0,none,Genistein/daidzein from soy. Mild phytoestrogenic effect. Anti-aging and brightening relevant for perimenopausal skin. Pregnancy consult.
Retinaldehyde,Retinoid/Anti-aging Active,Anti-aging/Stronger than retinol,moderate,moderate,moderate,yes,caution,yes,aging|texture|acne|hyperpigmentation|pores,redness|sensitivity|dryness,adult|mature,no,high,1,0.01-0.1,0.01,0.1,AHAs/BHAs (same time)|vitamin C (same time)|benzoyl peroxide,Retinal. 11x more potent than retinol. Converts directly to retinoic acid. PM use only. Always SPF. Not in pregnancy. Start slow.
Hydroxypinacolone Retinoate,Retinoid/Anti-aging Active,Anti-aging/Gentle non-irritating retinoid,yes,moderate,yes,yes,moderate,yes,aging|texture|dullness|hyperpigmentation,redness (mild),adult|mature,consult,medium,1,4-8,0.01,1.0,none,Granactive Retinoid. HPR. Direct retinoic acid receptor agonist ester. No enzymatic conversion required. Gentler than retinol. Works at neutral pH.
Rosemary Extract,Antioxidant/Preservative Booster,Antioxidant/Natural preservative/Soothing,yes,yes,yes,yes,moderate,yes,aging|dullness|redness,redness|sensitivity (fragrance components),all,yes,medium,0,4-7,0.1,0.5,none,Carnosic acid and rosmarinal primary antioxidants. Also used as natural preservative booster. Can be irritating to sensitive skin at higher concentrations.
Hydrolyzed Hyaluronic Acid,Humectant/Penetration,Deeper moisture penetration/Anti-aging,yes,yes,yes,yes,yes,yes,dryness|aging|texture|barrier,none,all,yes,low,0,4-7,0.01,2.0,none,Low MW HA fragments. Penetrates deeper into epidermis than high MW HA. Effective anti-aging ingredient. Complement with HMW HA for full-depth hydration.
Palmitoyl Hexapeptide-12,Peptide/Anti-aging,Anti-aging/Elastin stimulation,yes,yes,yes,yes,yes,yes,aging|texture|dullness,none,adult|mature,consult,low,0,4-8,0.0001,0.1,none,Biopeptide CL. Palmitoyl-VGVAPG. Stimulates elastin and fibronectin synthesis. Complements collagen-stimulating peptides.
Hydrolyzed Elastin,Protein/Firming,Skin elasticity/Moisturizing/Firming,yes,yes,yes,yes,yes,yes,aging|texture|dullness|barrier,none,adult|mature,yes,low,0,4-8,0.1,5.0,none,Elastin peptides. Surface film-forming and moisturising. Supports skin elasticity appearance. Well tolerated.
Castor Oil,Emollient/Occlusive,Moisturizing/Film forming/Thickening,moderate,yes,moderate,yes,yes,yes,dryness|barrier|texture,acne (high %),all,yes,low,1,4-8,1.0,100.0,none,Ricinoleic acid-rich vegetable oil. Non-comedogenic despite thick viscosity. Common in lip products. Comedogenicity 1.
Linseed Oil,Emollient/Anti-inflammatory,Moisturizing/Anti-inflammatory/Omega-3 source,moderate,yes,moderate,yes,moderate,yes,dryness|redness|barrier|aging,acne (high %),adult|mature,yes,medium,4,4-7,1.0,30.0,none,Flaxseed oil. Very high ALA omega-3. Oxidises rapidly - use with antioxidant. Comedogenicity 4. Best for dry/mature skin.
Evening Primrose Oil,Emollient/Anti-inflammatory,Moisturizing/Anti-inflammatory/Barrier repair,yes,yes,yes,yes,yes,yes,dryness|redness|barrier|aging|eczema,none,adult|mature,yes,low,1,4-7,1.0,30.0,none,High GLA gamma-linolenic acid content. Clinically beneficial for atopic dermatitis. Excellent for dry/sensitive/eczema and hormonal skin concerns.
Tamanu Oil,Emollient/Healing,Wound healing/Anti-inflammatory/Antimicrobial,yes,yes,yes,yes,moderate,yes,acne|redness|barrier|aging|texture,redness|sensitivity (rare),adult|mature,consult,medium,2,4-7,1.0,30.0,none,Calophyllum inophyllum. Contains calophyllolide and xanthones. Excellent for post-acne scars and keloids. Start low if sensitive.
Safflower Oil,Emollient,Moisturizing/Linoleic acid source/Lightweight,yes,yes,yes,yes,yes,yes,dryness|acne|barrier|texture,none,all,yes,low,0,4-7,1.0,100.0,none,High-linoleic safflower oil is very lightweight and non-comedogenic. Comedogenicity 0. Good for acne-prone and oily skin.
Raspberry Seed Oil,Emollient/UV protection,Moisturizing/Antioxidant/Natural SPF,yes,yes,yes,yes,yes,yes,dryness|aging|redness|texture,none,all,yes,low,1,4-7,1.0,30.0,none,High Vitamin E and omega-3/6. Claimed natural SPF is disputed - not a replacement for sunscreen. Excellent antioxidant emollient.
Pomegranate Seed Oil,Emollient/Antioxidant,Moisturizing/Anti-aging/Antioxidant,yes,yes,yes,yes,yes,yes,aging|dullness|dryness|redness,none,adult|mature,yes,low,0,4-7,1.0,30.0,none,Unique punicic acid omega-5 conjugated linolenic acid. Promotes keratinocyte proliferation. Anti-inflammatory and antioxidant.
Moringa Oil,Emollient,Moisturizing/Antioxidant/Anti-pollution,yes,yes,yes,yes,yes,yes,dryness|aging|dullness|barrier,none,all,yes,low,1,4-7,1.0,100.0,none,Behenic acid-rich Moringa oleifera oil. Exceptional oxidative stability. Excellent for urban/anti-pollution skincare formulas.
Sodium Cocoamphoacetate,Amphoteric Surfactant,Gentle cleansing/Conditioning/Viscosity,yes,moderate,yes,yes,yes,yes,texture (cleansing),dryness (mild),all,yes,low,0,4.5-7,1.0,20.0,none,Amphoteric coconut-derived surfactant. Builds viscosity and conditioning. Excellent for baby and sensitive skin cleansers.
Disodium Cocoamphodiacetate,Amphoteric Surfactant,Gentle cleansing/Antistatic,yes,moderate,yes,yes,yes,yes,texture (cleansing),dryness (mild),all,yes,low,0,4.5-7,1.0,20.0,none,Miranol-type amphoteric. Anti-static properties. Gentle cleansing. Good for sensitive skin and low-irritation formulas.
Hydroxyacetophenone,Preservative Booster/Antioxidant,Antimicrobial/Antioxidant/Preservative boost,yes,yes,yes,yes,yes,yes,none,redness (very rare),all,yes,low,0,4-8,0.1,1.0,none,Symsave H. Natural-origin preservative booster from 4-hydroxyacetophenone. Very mild. Effective against gram-positive bacteria and fungi.
Pentylene Glycol,Humectant/Antimicrobial,Moisturizing/Antimicrobial,yes,yes,yes,yes,yes,yes,dryness|barrier|texture,none,all,yes,low,0,4-8,0.5,5.0,none,1
Ceteareth-20,Emulsifier/Surfactant,O/W emulsification/Solubilization,yes,yes,yes,yes,moderate,yes,texture,redness (rare),all,consult,low,0,4-8,1.0,10.0,none,PEG-20 Cetearyl Ether. Efficient O/W emulsifier. May contain trace 1
Behentrimonium Methosulfate,Emulsifier/Conditioning Agent,O/W emulsification/Hair and skin conditioning/Antistatic,yes,yes,yes,yes,yes,yes,texture|barrier,none,all,yes,low,0,4-8,0.5,25.0,none,BTMS. Cationic emulsifier. Produces light stable emulsions. Excellent skin and hair conditioning and anti-static properties.
Polyglyceryl-3 Diisostearate,Emulsifier,W/O emulsification/Skin feel improvement,yes,yes,yes,yes,yes,yes,texture|barrier,none,all,yes,low,0,4-8,1.0,10.0,none,W/O emulsifier. Used in anhydrous and water-in-oil formulas. Very gentle. Good for sensitive skin anhydrous formulas.
Sodium Lauroyl Lactylate,Emulsifier/Mild Surfactant,Emulsification/Gentle cleansing/Skin conditioning,yes,yes,yes,yes,yes,yes,texture|dryness|barrier,none,all,yes,low,0,4-7,0.5,10.0,none,Naturally-derived coconut/corn emulsifier. Skin conditioning. Suitable for natural and sensitive skin formulations. Biodegradable.
Potassium Phosphate,pH Adjuster/Buffer,pH Buffering/Electrolyte balance/Stabilizer,yes,yes,yes,yes,yes,yes,none,redness (very high conc),all,yes,low,0,5-8,0.001,1.0,none,Monopotassium phosphate KH2PO4. Maintains product pH and formula stability. Common buffer component in pharmaceutical/cosmetic systems.
Dipotassium Phosphate,pH Adjuster/Buffer,pH Buffering/Electrolyte balance/Stabilizer,yes,yes,yes,yes,yes,yes,none,redness (very high conc),all,yes,low,0,5-8,0.001,1.0,none,Dipotassium hydrogen phosphate K2HPO4. Dibasic phosphate buffer. Paired with Potassium Phosphate to create complete phosphate buffer system.
Alpha-Arbutin,Brightening Active,Tyrosinase Inhibition,yes,yes,yes,yes,moderate,yes,hyperpigmentation|dullness|texture,none,adult|mature,consult,low,0,4-6,1.0,2.0,none,Use daily with sunscreen; effective for dark spots and uneven tone.
Jojoba Esters,Emollient,Barrier Support,yes,yes,yes,yes,yes,yes,dryness|barrier|texture,none,all,yes,low,1,4-8,1.0,10.0,none,Lightweight wax esters that soften skin without heavy occlusion.
Avena Sativa (Oat) Kernel Extract,Botanical Soothing,Anti-Inflammatory,yes,yes,yes,yes,yes,yes,redness|sensitivity|barrier|dryness,none,all,yes,low,0,4-7,0.2,5.0,none,Calming oat extract helps reduce irritation and supports compromised barrier.
Colloidal Oatmeal,Soothing Protectant,Barrier Protection,yes,yes,yes,yes,yes,yes,sensitivity|redness|barrier|dryness,none,all,yes,low,0,4-7,0.5,5.0,none,Dermatology-supported soothing protectant for eczema-prone and reactive skin.
Glycyrrhiza Glabra (Licorice) Root Extract,Botanical Brightening,Anti-Inflammatory Brightening,yes,yes,yes,yes,moderate,yes,hyperpigmentation|redness|dullness,none,adult|mature,consult,low,0,4-7,0.1,3.0,none,Licorice flavonoids can reduce visible discoloration and post-inflammatory marks.
Potassium Azeloyl Diglycinate,Sebum Regulating Active,Brightening Sebum Control,yes,moderate,yes,yes,moderate,yes,acne|pores|hyperpigmentation|redness,none,adult|mature,consult,low,0,5-7,3.0,10.0,none,Azelaic derivative with better tolerance for oily and sensitive-acne skin.
N-Acetyl Glucosamine,Barrier Brightening Active,Barrier and Pigment Modulation,yes,yes,yes,yes,yes,yes,hyperpigmentation|barrier|dryness|texture,none,all,yes,low,0,4-7,1.0,5.0,none,Often paired with niacinamide to support tone-evening and barrier recovery.
Acetyl Hexapeptide-8,Peptide,Expression Line Softening,yes,yes,yes,yes,yes,yes,aging|texture,none,adult|mature,yes,low,0,4-7,0.01,0.1,strong acids,Peptide signal ingredient; avoid layering with low-pH acid peels in same routine.
Lactobacillus Ferment,Postbiotic/Ferment,Microbiome Support,yes,yes,yes,yes,yes,yes,barrier|redness|sensitivity,none,all,yes,low,0,4-6,0.1,5.0,none,Supports skin barrier and can reduce irritation in minimalist routines.
Hydroxyethyl Urea,Humectant,Hydration,yes,yes,yes,yes,yes,yes,dryness|barrier|texture,none,all,yes,low,0,4-8,1.0,10.0,none,Long-lasting humectant hydration with low tack and good tolerance.
Succinic Acid,Acid Active,Anti-Blemish,yes,moderate,yes,moderate,caution,moderate,acne|pores|texture,sensitivity (high concentration),adult,consult,medium,0,3.5-5.5,0.5,2.0,retinol|strong acids,Use alternate nights when combined with other exfoliating actives.
Capryloyl Salicylic Acid,LHA Exfoliant,Comedolytic Exfoliation,yes,caution,yes,moderate,caution,moderate,acne|pores|texture,sensitivity|dryness,adult,consult,medium,0,3-4.5,0.1,1.0,retinol|benzoyl peroxide|strong acids,LHA can be potent; introduce slowly and avoid same-night stacking with retinoids.
Dipotassium Glycyrrhizate,Soothing Active,Anti-Inflammatory,yes,yes,yes,yes,yes,yes,redness|sensitivity|barrier|acne,none,all,yes,low,0,4-7,0.1,1.0,none,Licorice-derived soothing salt useful in anti-redness formulations.
Tetrahexyldecyl Ascorbate,Vitamin C Derivative,Antioxidant Brightening,yes,yes,yes,yes,moderate,yes,hyperpigmentation|dullness|aging,none,adult|mature,consult,low,1,5-7,1.0,20.0,none,Oil-soluble vitamin C derivative with improved stability and tolerability.
Acetyl Tetrapeptide-5,Peptide,Periorbital Puffiness Support,yes,yes,yes,yes,yes,yes,aging|texture|dullness,none,adult|mature,yes,low,0,4-7,0.01,0.1,strong acids,Eye-area peptide active; pair with moisturizers and sunscreen.
Oligopeptide-1,Growth Factor Peptide,Repair Signaling,yes,yes,yes,yes,moderate,yes,aging|barrier|texture,none,adult|mature,consult,low,0,5-7,0.001,0.05,strong acids,Use in peptide-focused routines and separate from low-pH peel products.
Tripeptide-1,Peptide,Collagen Support,yes,yes,yes,yes,yes,yes,aging|texture,none,adult|mature,yes,low,0,4-7,0.005,0.1,strong acids,Signal peptide often paired with tetrapeptides in anti-aging serums.
Carnosine,Anti-Glycation Active,Antioxidant and Firmness Support,yes,yes,yes,yes,yes,yes,aging|dullness|texture,none,adult|mature,yes,low,0,5-7,0.1,1.0,none,Helps defend against glycation-related signs of aging.
Glyceryl Glucoside,Humectant,Aquaporin Hydration Support,yes,yes,yes,yes,yes,yes,dryness|barrier|dullness,none,all,yes,low,0,4-8,0.5,5.0,none,Hydration-supportive humectant that layers well with HA and glycerin.
Xylitylglucoside,Humectant Sugar Complex,Barrier Hydration,yes,yes,yes,yes,yes,yes,dryness|barrier|texture,none,all,yes,low,0,4-8,1.0,5.0,none,Part of a sugar humectant trio to increase hydration reservoirs in the stratum corneum.
Anhydroxylitol,Humectant Sugar Complex,Moisture Reservoir Support,yes,yes,yes,yes,yes,yes,dryness|barrier|dullness,none,all,yes,low,0,4-8,0.5,5.0,none,Humectant sugar derivative frequently combined with xylitol derivatives.
